{ ".sf-activityIndicator": { "width": 42, "height": 42, "color": "#00a1f1", "flexProps": { "positionType": "RELATIVE", "alignSelf": "CENTER" }, "ios": { "activityIndicatorViewStyle": "LARGE" }, "minHeight": 21, "minWidth": 21, "&-small": { "width": 100 }, "&-medium": { "width": 250 }, "&-large": { "width": 350 } }, ".activityIndicator": { "width": 42, "height": 42, "color": "#00a1f1", "flexProps": { "positionType": "RELATIVE", "alignSelf": "CENTER" }, "ios": { "activityIndicatorViewStyle": "LARGE" }, "minHeight": 21, "minWidth": 21, "&-small": { "width": 100 }, "&-medium": { "width": 250 }, "&-large": { "width": 350 } }, ".sf-button": { "masksToBounds": true, "width": null, "height": 50, "borderRadius": 8, "textColor": "#FFFFFF", "textAlignment": "MIDCENTER", "marginBottom": 5, "marginTop": 5, "backgroundColor": { "normal": "#00a1f1", "pressed": "rgba( 0, 129, 194, 1 )", "disabled": "rgb(210, 210, 210)" }, "font": { "size": 16, "bold": true, "italic": false, "family": "SFProText", "style": "Semibold" }, "flexProps": { "positionType": "RELATIVE", "alignSelf": "AUTO" }, "&-small": { "width": 100 }, "&-medium": { "width": 250 }, "&-large": { "width": 350 }, "&-warning": { "backgroundColor": "#9F6000" }, "&-error": { "backgroundColor": "#D8000C" }, "&-success": { "backgroundColor": "#4F8A10" }, "&-line": { "backgroundColor": "rgba(255,255,255,0)", "borderColor": "#00a1f1", "borderWidth": 1, "textColor": "#00a1f1" } }, ".button": { "masksToBounds": true, "width": null, "height": 50, "borderRadius": 8, "textColor": "#FFFFFF", "textAlignment": "MIDCENTER", "backgroundColor": { "normal": "#00a1f1", "pressed": "rgba( 0, 129, 194, 1 )", "disabled": "rgb(210, 210, 210)" }, "font": { "size": 16, "bold": true, "italic": false, "family": "SFProText", "style": "Semibold" }, "flexProps": { "positionType": "RELATIVE", "alignSelf": "AUTO" }, "&-small": { "width": 100 }, "&-medium": { "width": 250 }, "&-large": { "width": 350 }, "&-warning": { "backgroundColor": "#9F6000" }, "&-error": { "backgroundColor": "#D8000C" }, "&-success": { "backgroundColor": "#4F8A10" }, "&-line": { "backgroundColor": "rgba(255,255,255,0)", "borderColor": "#00a1f1", "borderWidth": 1, "textColor": "#00a1f1" } }, ".default_button": { "borderWidth": 0, "borderColor": "rgba(0,0,0,1)", "touchEnabled": true, "masksToBounds": true, "textAlignment": "MIDCENTER" }, ".sf-gifImageView": { "masksToBounds": true, "height": 343, "width": null, "imageFillType": "STRETCH", "flexProps": { "alignSelf": "AUTO", "positionType": "RELATIVE" }, "&-small": { "width": 100 }, "&-medium": { "width": 250 }, "&-large": { "width": 350 } }, ".gifImageView": { "masksToBounds": true, "height": 343, "width": null, "imageFillType": "STRETCH", "flexProps": { "alignSelf": "AUTO", "positionType": "RELATIVE" }, "&-small": { "width": 100 }, "&-medium": { "width": 250 }, "&-large": { "width": 350 } }, ".sf-gridView": { "masksToBounds": true, "height": 343, "width": null, "backgroundColor": "rgba(255,255,255,0)", "flexProps": { "alignSelf": "AUTO", "positionType": "RELATIVE" }, "&-small": { "width": 100 }, "&-medium": { "width": 250 }, "&-large": { "width": 350 } }, ".gridView": { "masksToBounds": true, "height": 343, "width": null, "flexProps": { "alignSelf": "AUTO", "positionType": "RELATIVE" }, "&-small": { "width": 100 }, "&-medium": { "width": 250 }, "&-large": { "width": 350 } }, ".sf-flexLayout": { "masksToBounds": true, "height": 343, "width": null, "flexProps": { "alignSelf": "AUTO", "direction": "INHERIT", "alignContent": "STRETCH", "alignItems": "STRETCH", "justifyContent": "FLEX_START", "flexWrap": "NOWRAP", "flexDirection": "COLUMN", "positionType": "RELATIVE" }, "&-small": { "width": 100 }, "&-medium": { "width": 250 }, "&-large": { "width": 350 } }, ".flexLayout": { "masksToBounds": true, "height": 343, "width": null, "flexProps": { "alignSelf": "AUTO", "direction": "INHERIT", "alignContent": "STRETCH", "alignItems": "STRETCH", "justifyContent": "FLEX_START", "flexWrap": "NOWRAP", "flexDirection": "COLUMN", "masksToBounds": true, "positionType": "RELATIVE" }, "&-small": { "width": 100 }, "&-medium": { "width": 250 }, "&-large": { "width": 350 } }, ".sf-gridViewItem": { "masksToBounds": true, "height": 227, "width": 165, "flexProps": { "alignSelf": "AUTO", "positionType": "RELATIVE", "alignContent": "STRETCH", "alignItems": "STRETCH" }, "&-small": { "width": 100 }, "&-medium": { "width": 250 }, "&-large": { "width": 350 } }, ".gridViewItem": { "masksToBounds": true, "height": 227, "width": 165, "flexProps": { "alignSelf": "AUTO", "positionType": "RELATIVE", "alignContent": "STRETCH", "alignItems": "STRETCH" }, "&-small": { "width": 100 }, "&-medium": { "width": 250 }, "&-large": { "width": 350 } }, ".sf-headerBar": { "masksToBounds": true, "visible": true, "backgroundColor": "rgba( 0, 161, 241, 1 )", "titleColor": "rgba( 255, 255, 255, 1 )", "itemColor": "rgba( 255, 255, 255, 1 )" }, ".headerBar": { "masksToBounds": true, "visible": true, "backgroundColor": "rgba( 0, 161, 241, 1 )", "titleColor": "rgba( 255, 255, 255, 1 )", "itemColor": "rgba( 255, 255, 255, 1 )" }, ".sf-imageView": { "masksToBounds": true, "height": 343, "width": null, "imageFillType": "NORMAL", "flexProps": { "alignSelf": "AUTO", "positionType": "RELATIVE" }, "&-small": { "width": 100 }, "&-medium": { "width": 250 }, "&-large": { "width": 350 } }, ".imageView": { "masksToBounds": true, "height": 343, "width": null, "imageFillType": "NORMAL", "flexProps": { "alignSelf": "AUTO", "positionType": "RELATIVE" }, "&-small": { "width": 100 }, "&-medium": { "width": 250 }, "&-large": { "width": 350 } }, ".sf-label": { "masksToBounds": true, "height": 50, "width": null, "ellipsizeMode": "END", "textColor": "#00a1f1", "textAlignment": "MIDLEFT", "font": { "size": 17, "bold": true, "italic": false, "family": "SFProText", "style": "Semibold" }, "flexProps": { "alignSelf": "AUTO", "positionType": "RELATIVE" }, "&-small": { "width": 100, "height": 46, "font": { "size": 12 } }, "&-medium": { "width": 190, "height": 70, "font": { "size": 24, "style": "Medium" } }, "&-large": { "width": 255, "height": 90, "font": { "size": 32, "style": "Medium" } } }, ".label": { "masksToBounds": true, "width": null, "height": 50, "ellipsizeMode": "NONE", "textColor": "#00a1f1", "textAlignment": "MIDLEFT", "font": { "size": 16, "bold": true, "italic": false, "family": "SFProText", "style": "Semibold" }, "flexProps": { "alignSelf": "AUTO", "positionType": "RELATIVE" }, "&-small": { "width": 100, "height": 16, "font": { "size": 12 } }, "&-medium": { "width": 190, "height": 30, "font": { "size": 24, "style": "Medium" } }, "&-large": { "width": 255, "height": 50, "font": { "size": 32, "style": "Medium" } } }, ".default_label": { "masksToBounds": true }, ".sf-listView": { "masksToBounds": true, "height": 216, "width": null, "flexProps": { "alignSelf": "AUTO", "positionType": "RELATIVE" }, "&-small": { "width": 100 }, "&-medium": { "width": 250 }, "&-large": { "width": 350 } }, ".listView": { "masksToBounds": true, "height": 216, "width": null, "flexProps": { "alignSelf": "AUTO", "positionType": "RELATIVE" }, "&-small": { "width": 100 }, "&-medium": { "width": 250 }, "&-large": { "width": 350 } }, ".sf-listViewItem": { "masksToBounds": true, "height": 54, "width": 375, "flexProps": { "alignSelf": "STRETCH", "positionType": "RELATIVE", "alignContent": "STRETCH", "alignItems": "STRETCH" }, "&-small": { "width": 100 }, "&-medium": { "width": 250 }, "&-large": { "width": 350 } }, ".listViewItem": { "masksToBounds": true, "height": 54, "width": 375, "flexProps": { "alignSelf": "STRETCH", "positionType": "RELATIVE", "alignContent": "STRETCH", "alignItems": "STRETCH" }, "&-small": { "width": 100 }, "&-medium": { "width": 250 }, "&-large": { "width": 350 } }, ".sf-mapView": { "masksToBounds": true, "height": 343, "width": null, "flexProps": { "alignSelf": "AUTO", "positionType": "RELATIVE" }, "&-small": { "width": 100 }, "&-medium": { "width": 250 }, "&-large": { "width": 350 } }, ".mapView": { "masksToBounds": true, "height": 343, "width": null, "flexProps": { "alignSelf": "AUTO", "positionType": "RELATIVE" }, "&-small": { "width": 100 }, "&-medium": { "width": 250 }, "&-large": { "width": 350 } }, ".sf-materialTextBox": { "ellipsizeMode": "END", "textAlignment": "MIDLEFT", "textColor": "rgba( 0,0,0,1 )", "errorColor": "rgba( 255,0,0,1 )", "hintTextColor": "rgba( 0,0,0,1 )", "cursorColor": "rgba( 0,161,241,1 )", "selectedHintTextColor": "rgba( 0,0,0,1 )", "height": 80, "width": null, "flexProps": { "positionType": "RELATIVE" }, "lineColor": { "normal": "rgba( 0,0,0,1 )", "selected": "rgba( 0,0,0,1 )" }, "font": { "size": 14, "family": "Default" }, "labelsFont": { "size": 14, "family": "Default" } }, ".sf-page": { "masksToBounds": true, "flexProps": { "alignContent": "STRETCH", "alignItems": "STRETCH", "direction": "INHERIT", "flexDirection": "COLUMN", "flexWrap": "NOWRAP", "justifyContent": "FLEX_START" }, "paddingTop": 16, "paddingLeft": 16, "paddingBottom": 16, "paddingRight": 16, "backgroundColor": "#FFFFFF" }, ".page": { "masksToBounds": true, "flexProps": { "alignContent": "STRETCH", "alignItems": "STRETCH", "direction": "INHERIT", "flexDirection": "COLUMN", "flexWrap": "NOWRAP", "justifyContent": "FLEX_START" }, "backgroundColor": "#FFFFFF" }, ".default_page": { "masksToBounds": true }, ".sf-scrollView": { "masksToBounds": true, "height": 343, "width": null, "scrollBarEnabled": true, "flexProps": { "alignSelf": "AUTO", "positionType": "RELATIVE" }, "layout": { "flexProps": { "alignContent": "STRETCH", "alignItems": "STRETCH", "flexDirection": "COLUMN" } }, "&-small": { "width": 100 }, "&-medium": { "width": 250 }, "&-large": { "width": 350 } }, ".scrollView": { "masksToBounds": true, "height": 343, "width": null, "scrollBarEnabled": true, "flexProps": { "alignSelf": "AUTO", "positionType": "RELATIVE" }, "layout": { "flexProps": { "alignContent": "STRETCH", "alignItems": "STRETCH", "flexDirection": "COLUMN" } }, "&-small": { "width": 100 }, "&-medium": { "width": 250 }, "&-large": { "width": 350 } }, ".default_scrollView": { "masksToBounds": true, "scrollBarEnabled": true }, ".sf-searchView": { "masksToBounds": true, "touchEnabled": true, "width": null, "height": 70, "textColor": "#000000", "borderWidth": 0, "backgroundColor": "rgb(246,246,246)", "textFieldBackgroundColor": "rgba(142,142,147,0.12)", "cursorColor": "rgba(66,107,242,1)", "hintColor": "rgb(142,142,147)", "textAlignment": "MIDLEFT", "font": { "size": 17, "bold": true, "italic": false, "family": "SFProText", "style": "Regular" }, "flexProps": { "alignSelf": "AUTO", "positionType": "RELATIVE" }, "input": { "height": 28 }, "minHeight": 30, "&-small": { "width": 100 }, "&-medium": { "width": 250 }, "&-large": { "width": 350 } }, ".searchView": { "masksToBounds": true, "touchEnabled": true, "width": null, "height": 70, "textColor": "#000000", "textFieldBackgroundColor": "rgba(142,142,147,0.12)", "cursorColor": "rgba(66,107,242,1)", "hintColor": "rgb(142,142,147)", "textAlignment": "MIDLEFT", "font": { "size": 17, "bold": true, "italic": false, "family": "SFProText", "style": "Regular" }, "flexProps": { "alignSelf": "AUTO", "positionType": "RELATIVE" }, "input": { "height": 28 }, "minHeight": 30, "&-small": { "width": 100 }, "&-medium": { "width": 250 }, "&-large": { "width": 350 } }, ".default_searchView": { "masksToBounds": true, "touchEnabled": true, "borderColor": "rgba(0,0,0,1)", "+Device:Device.os === \"Android\"": { "borderWidth": 0 }, "textAlignment": "MIDLEFT" }, ".sf-shimmerFlexLayout": { "masksToBounds": true, "height": 343, "width": null, "flexProps": { "alignSelf": "AUTO", "positionType": "RELATIVE" }, "layout": { "flexProps": { "alignContent": "STRETCH", "alignItems": "STRETCH", "flexDirection": "COLUMN" } }, "ios": { "animationAlpha": 0.5, "beginFadeDuration": 100, "endFadeDuration": 300, "speed": 230 }, "android": { "highlightAlpha": 0.5, "highlightLength": 1 }, "&-small": { "width": 100 }, "&-medium": { "width": 250 }, "&-large": { "width": 350 } }, ".shimmerFlexLayout": { "masksToBounds": true, "height": 343, "width": null, "flexProps": { "alignSelf": "AUTO", "positionType": "RELATIVE" }, "layout": { "flexProps": { "alignContent": "STRETCH", "alignItems": "STRETCH", "flexDirection": "COLUMN" } }, "ios": { "animationAlpha": 0.5, "beginFadeDuration": 100, "endFadeDuration": 300, "speed": 230 }, "android": { "highlightAlpha": 0.5, "highlightLength": 1 }, "&-small": { "width": 100 }, "&-medium": { "width": 250 }, "&-large": { "width": 350 } }, ".sf-slider": { "maxTrackColor": "rgb(183,183,183)", "minTrackColor": "#00a1f1", "value": 60, "maxValue": 100, "minValue": 0, "width": null, "flexProps": { "alignSelf": "AUTO", "positionType": "RELATIVE" }, "height": 40, "&-small": { "width": 100 }, "&-medium": { "width": 250 }, "&-large": { "width": 350 } }, ".slider": { "masksToBounds": true, "maxTrackColor": "rgb(183,183,183)", "minTrackColor": "#00a1f1", "value": 60, "maxValue": 100, "minValue": 0, "width": null, "flexProps": { "alignSelf": "AUTO", "positionType": "RELATIVE" }, "height": 40, "&-small": { "width": 100 }, "&-medium": { "width": 250 }, "&-large": { "width": 350 } }, ".sf-statusBar": { "masksToBounds": true, "android": { "color": "#00A1F1" }, "style": "LIGHTCONTENT", "visible": true }, ".statusBar": { "masksToBounds": true, "android": { "color": "#00A1F1" }, "style": "LIGHTCONTENT", "visible": true }, ".sf-switch": { "width": 60, "android": { "toggleOffColor": "#EEEEEE" }, "toggleOnColor": "#00a1f1", "flexProps": { "alignSelf": "AUTO", "positionType": "RELATIVE" }, "minHeight": 31, "minWidth": 60, "&-small": { "width": 100 }, "&-medium": { "width": 250 }, "&-large": { "width": 350 } }, ".switch": { "masksToBounds": true, "width": 60, "android": { "toggleOffColor": "#EEEEEE" }, "toggleOnColor": "#00a1f1", "flexProps": { "alignSelf": "AUTO", "positionType": "RELATIVE" }, "minHeight": 31, "minWidth": 60, "&-small": { "width": 100 }, "&-medium": { "width": 250 }, "&-large": { "width": 350 } }, ".sf-textArea": { "masksToBounds": true, "height": 120, "width": null, "borderColor": "#00a1f1", "borderWidth": 1, "borderRadius": 4, "textColor": "#000000", "textAlignment": "MIDLEFT", "font": { "size": 16, "bold": false, "italic": false, "family": "SFProText", "style": "Regular" }, "flexProps": { "alignSelf": "AUTO", "positionType": "RELATIVE" }, "&-small": { "width": 100 }, "&-medium": { "width": 250 }, "&-large": { "width": 350 } }, ".textArea": { "masksToBounds": true, "height": 120, "width": null, "borderColor": "#00a1f1", "textColor": "#000000", "textAlignment": "MIDLEFT", "font": { "size": 16, "bold": false, "italic": false, "family": "SFProText", "style": "Regular" }, "flexProps": { "alignSelf": "AUTO", "positionType": "RELATIVE" }, "&-small": { "width": 100 }, "&-medium": { "width": 250 }, "&-large": { "width": 350 } }, ".deafult_textArea": { "masksToBounds": true }, ".sf-textBox": { "masksToBounds": true, "height": 54, "width": null, "borderColor": "#00a1f1", "borderWidth": 1, "borderRadius": 4, "textColor": "#000000", "textAlignment": "MIDLEFT", "font": { "size": 16, "bold": false, "italic": false, "family": "SFProText", "style": "Regular" }, "flexProps": { "alignSelf": "AUTO", "positionType": "RELATIVE" }, "&-small": { "width": 100 }, "&-medium": { "width": 250 }, "&-large": { "width": 350 } }, ".textBox": { "masksToBounds": true, "height": 54, "width": null, "borderColor": "#00a1f1", "textColor": "#000000", "textAlignment": "MIDLEFT", "font": { "size": 16, "bold": false, "italic": false, "family": "SFProText", "style": "Regular" }, "flexProps": { "alignSelf": "AUTO", "positionType": "RELATIVE" }, "&-small": { "width": 100 }, "&-medium": { "width": 250 }, "&-large": { "width": 350 } }, ".default_textBox": { "masksToBounds": true }, ".sf-textView": { "masksToBounds": true, "width": null, "height": 131, "ellipsizeMode": "END", "textAlignment": "MIDLEFT", "flexProps": { "alignSelf": "AUTO", "positionType": "RELATIVE" }, "&-small": { "width": 100 }, "&-medium": { "width": 250 }, "&-large": { "width": 350 } }, ".textView": { "masksToBounds": true, "width": null, "height": 131, "ellipsizeMode": "NONE", "textAlignment": "MIDLEFT", "flexProps": { "alignSelf": "AUTO", "positionType": "RELATIVE" }, "&-small": { "width": 100 }, "&-medium": { "width": 250 }, "&-large": { "width": 350 } }, ".deafult_textView": { "masksToBounds": true }, ".sf-videoView": { "masksToBounds": true, "height": 343, "width": null, "flexProps": { "alignSelf": "AUTO", "positionType": "RELATIVE" }, "&-small": { "width": 100 }, "&-medium": { "width": 250 }, "&-large": { "width": 350 } }, ".videoView": { "masksToBounds": true, "height": 343, "width": null, "flexProps": { "alignSelf": "AUTO", "positionType": "RELATIVE" }, "&-small": { "width": 100 }, "&-medium": { "width": 250 }, "&-large": { "width": 350 } }, ".sf-view": { "masksToBounds": true, "height": 343, "width": null, "backgroundColor": "rgb(210, 210,210)", "flexProps": { "positionType": "RELATIVE" }, "&-small": { "width": 100 }, "&-medium": { "width": 250 }, "&-large": { "width": 350 } }, ".view": { "masksToBounds": true, "height": 343, "width": null, "&-small": { "width": 100 }, "&-medium": { "width": 250 }, "&-large": { "width": 350 } }, ".sf-webView": { "masksToBounds": true, "height": 343, "width": null, "flexProps": { "alignSelf": "AUTO", "positionType": "RELATIVE" }, "&-small": { "width": 100 }, "&-medium": { "width": 250 }, "&-large": { "width": 350 } }, ".webView": { "masksToBounds": true, "height": 343, "width": null, "flexProps": { "alignSelf": "AUTO", "positionType": "RELATIVE" }, "&-small": { "width": 100 }, "&-medium": { "width": 250 }, "&-large": { "width": 350 } }, "__applicationAndroidStyle": { "colorPrimary": "#07A8FF", "colorPrimaryDark": "#066ea6", "colorAccent": "#07A8FF", "v21": { "android:navigationBarColor": "#000000", "android:colorEdgeEffect": "#07A8FF" }, "v27": { "android:navigationBarColor": "#ffffff", "android:windowTranslucentStatus": true, "android:windowLightNavigationBar": true } }, ".default_common": { "alpha": 1, "visible": true, "marginBottom": null, "marginTop": null, "flexProps": { "positionType": "RELATIVE", "alignSelf": "AUTO" } }, ".sf": { "masksToBounds": true, "&-gridViewItem": { "&-simple": { "flexProps": { "justifyContent": "FLEX_START", "alignItems": "STRETCH" }, "height": 227, "width": 165, "&-preview": { "height": 165, "flexProps": { "alignSelf": "CENTER" }, "imageFillType": "ASPECTFIT", "marginBottom": null, "marginTop": null, "marginLeft": 15, "marginRight": 15, "width": null }, "&-title": { "flexProps": { "positionType": "RELATIVE", "alignSelf": "AUTO" }, "font": { "size": 15, "bold": true, "italic": false, "family": "SFProText", "style": "Semibold" }, "height": 20, "marginBottom": null, "marginTop": 13, "textAlignment": "MIDCENTER", "textColor": "rgba( 0, 0, 0, 1 )" }, "&-subtitle": { "flexProps": { "positionType": "RELATIVE", "alignSelf": "AUTO" }, "font": { "size": 13, "bold": false, "italic": false, "family": "SFProText", "style": "Regular" }, "height": 18, "marginBottom": 12, "marginTop": null, "textAlignment": "MIDCENTER", "textColor": "rgba( 0, 0, 0, 1 )" } } }, "&-listViewItem": { "&-simple": { "flexProps": { "flexDirection": "ROW", "alignItems": "CENTER" }, "&-title": { "flexProps": { "flexGrow": 3, "alignSelf": "AUTO" }, "font": { "size": 16, "bold": false, "italic": false, "family": "SFProText", "style": "Regular" }, "marginBottom": null, "marginLeft": 16, "marginTop": null, "textColor": "rgba( 0, 0, 0, 1 )", "width": null }, "&-chevron": { "marginBottom": null, "marginRight": 16, "marginTop": null, "textAlignment": "MIDRIGHT", "textColor": "rgba( 0, 0, 0, 0.25 )", "width": null, "flexProps": { "flexGrow": 1 }, "font": { "size": 13, "bold": false, "italic": false, "family": "FontAwesome5FreeSolid", "style": null } }, "&-line": { "backgroundColor": "rgba( 210, 210, 210, 1 )", "bottom": 0, "flexProps": { "positionType": "ABSOLUTE" }, "height": 1, "left": 16, "marginBottom": null, "marginTop": null, "right": 0 } } }, "&-gridView": { "layoutManager": { "scrollDirection": "HORIZONTAL" } } }, ".keyboardLayout": { "width": null, "height": 50, "flexProps": { "flexDirection": "ROW", "justifyContent": "SPACE_BETWEEN", "alignContent": "STRETCH", "alignItems": "STRETCH", "positionType": "RELATIVE" }, "backgroundColor": "rgba( 239, 239, 244, 1 )", "&-navigation": { "backgroundColor": "rgba( 255, 255, 255, 0 )", "width": 90, "flexProps": { "flexDirection": "ROW", "justifyContent": "SPACE_AROUND", "alignContent": "STRETCH", "flexWrap": "NOWRAP", "positionType": "RELATIVE" }, "height": null }, "&-image": { "width": 35, "height": 50, "imageFillType": "NORMAL", "alignSelf": "AUTO", ".up": { "image": "keyboardlayout_up.png", "tintColor": "rgba( 0, 161, 241, 1 )", ".disabled": { "tintColor": "rgba( 209, 209, 214, 1 )" } }, ".down": { "image": "keyboardlayout_down.png", "tintColor": "rgba( 0, 161, 241, 1 )", ".disabled": { "tintColor": "rgba( 209, 209, 214, 1 )" } } }, "&-button": { "flexProps": { "positionType": "RELATIVE", "alignSelf": "AUTO" }, "textColor": "rgba( 0, 161, 241, 1 )", "height": null, "textAlignment": "MIDCENTER", "font": { "family": "SFProText", "style": "Semibold", "bold": true, "size": 16, "italic": false }, "backgroundColor": "rgba( 255, 255, 255, 0 )" }, "paddingRight": 16 }, ".pageTitleLayout": { "&_logo": { "tintColor": "#FFFFFF", "height": 25 } }, ".card": { "backgroundColor": "rgba(255,255,255,1)", "borderRadius": 10, "marginTop": 15, "paddingLeft": 15, "paddingRight": 15 }, ".grow": { "flexProps": { "flexGrow": 1 }, "&-relative": { "flexProps": { "flexGrow": 1, "positionType": "RELATIVE" } }, "height": null, "width": null }, ".getCombinedStyleTest": { "backgroundColor": "rgba(0,0,0,1)" }, ".getNativeStyleTest": { "backgroundColor": "rgba(0,0,0,1)" }, ".swipeItem": { "textColor": "#FFFFFF", "font": { "family": "SFProText", "style": "Regular", "bold": false, "italic": false, "size": 14 }, "ios": { "iconTextSpacing": 5, "padding": 30 }, ".delete": { "backgroundColor": "#FF0000" }, ".edit": { "backgroundColor": "#0000FF" } }, ".marginHorizontal": { "marginLeft": 15, "marginRight": 15 }, ".marginVertical": { "marginBottom": 15, "marginTop": 15 }, ".paddingHorizontal": { "paddingLeft": 15, "paddingRight": 15 }, ".paddingVertical": { "paddingBottom": 15, "paddingTop": 15 }, ".gradient": { "&-left": { "backgroundColor": { "startColor": "#340470", "endColor": "#c6aee5", "direction": "DIAGONAL_LEFT" } }, "&-vertical": { "backgroundColor": { "startColor": "#340470", "endColor": "#c6aee5", "direction": "VERTICAL" } } }, ".separator": { "height": 1, "left": 0, "right": 0, "flexProps": { "positionType": "ABSOLUTE" }, "bottom": 0, "backgroundColor": "rgba( 0, 0, 0, 0.1 )" }, ".contentInset": { "contentInset": { "bottom": 15, "top": 15 } }, ".btnDay": { "borderRadius": 40, "width": 40, "height": 40, "textColor": "rgba( 0, 0, 0, 1 )", "backgroundColor": { "normal": "rgba( 255, 255, 255, 1 )" }, "borderColor": "rgba( 255, 255, 255, 1 )" }, ".daylbl": { "width": 40, "textAlignment": "MIDCENTER" }, ".flDynamicSize": { "backgroundColor": "rgba( 155, 155, 155, 1 )", "&-lblDynamicSize": { "textColor": "rgba(255,255,255,1)", "maxLines": 0, "height": null }, "height": null }, ".flListViewIndex": { "width": 30, "right": 0, "top": 0, "bottom": 0, "height": null, "flexProps": { "alignItems": "STRETCH", "justifyContent": "FLEX_START", "positionType": "ABSOLUTE" }, "&-label": { "width": null, "flexProps": { "flexGrow": null, "alignSelf": "STRETCH" }, "height": 24, "textAlignment": "MIDCENTER", "font": { "family": "SFProText", "style": "Medium", "size": 15, "bold": false, "italic": false }, "textColor": "#000000" } }, ".flRow1Line": { "height": 50, "flexProps": { "flexDirection": "COLUMN" }, "&-imgRightArrow": { "flexProps": { "positionType": "ABSOLUTE" }, "height": 30, "right": 10, "top": 5, "width": 30, "image": "arrow_right.png" }, "&-separator": { "height": 1, "flexProps": { "positionType": "ABSOLUTE" }, "bottom": 0, "left": 0, "backgroundColor": "rgba( 70, 70, 70, 0.3 )", "right": 0 } }, ".flWaitingIndicator": { "height": null, "width": null, "&-giv": { "flexProps": { "flexGrow": 1 }, "width": null, "height": null, "gifImage": "loading.gif", "imageFillType": "ASPECTFIT" }, "flexProps": { "alignSelf": "CENTER", "flexGrow": 1, "alignContent": "CENTER", "justifyContent": "CENTER", "alignItems": "CENTER" }, "&-wrapper": { "height": 120, "width": 120, "paddingBottom": 15, "paddingLeft": 15, "paddingRight": 15, "paddingTop": 15, "backgroundColor": "rgba(255,255,255,1)", "borderRadius": 8, "borderWidth": 1, "borderColor": "rgba( 0, 0, 0, 1 )" } }, ".gviDayOfCalendar": { "flexProps": { "alignSelf": "CENTER", "alignItems": "CENTER", "flexDirection": "ROW", "justifyContent": "SPACE_EVENLY", "alignContent": "CENTER", "flexWrap": "NOWRAP" }, "width": 412.82, "height": 226.92 }, ".gviMiniPhoto": { "width": 40, "height": 40, "paddingBottom": 3, "paddingTop": 3, "paddingLeft": 3, "paddingRight": 3, "&-img": { "imageFillType": "ASPECTFILL", "flexProps": { "flexGrow": 1, "positionType": "RELATIVE" } }, "&-flex": { "paddingBottom": 1, "paddingTop": 1, "paddingLeft": 1, "paddingRight": 1, "borderRadius": 1, "&-active": { "borderWidth": 1, "borderColor": "#00a1f1" }, "flexProps": { "flexGrow": 1, "positionType": "RELATIVE" } } }, ".lviCompanyInfo": { "height": 60, "&-companyName": { "font": { "size": 14 }, "flexProps": {}, "height": 30 }, "&-companySection": { "font": { "size": 10, "bold": false, "style": "Regular" }, "flexProps": {}, "height": 30 }, "flexProps": { "flexDirection": "ROW" }, "&-rightLayout": { "width": 50, "flexProps": { "justifyContent": "CENTER" }, "height": null, "&-imgDownArrow": { "flexProps": { "flexGrow": null, "alignSelf": "CENTER" }, "image": "keyboardlayout_down.png", "imageFillType": "ASPECTFIT", "tintColor": "rgba( 74, 144, 226, 1 )", "height": 30, "width": 30 } }, "&-wrapper": { "height": null, "flexProps": { "flexGrow": 1 } }, "paddingLeft": 15, "paddingRight": 15 }, ".lviCompanyInfoExtended": { "height": 120, "&-companyName": { "font": { "size": 14 }, "flexProps": {}, "height": 30 }, "&-companySection": { "font": { "size": 10, "bold": false, "style": "Regular" }, "flexProps": {}, "height": 30 }, "flexProps": { "flexDirection": "ROW" }, "&-rightLayout": { "width": 50, "flexProps": { "justifyContent": "CENTER" }, "height": null, "&-imgUpArrow": { "flexProps": { "flexGrow": null, "alignSelf": "CENTER" }, "image": "keyboardlayout_up.png", "imageFillType": "ASPECTFIT", "tintColor": "rgba( 74, 144, 226, 1 )", "height": 30, "width": 30 } }, "&-wrapper": { "height": null, "flexProps": { "flexGrow": 1 } }, "&-companyInfo": { "font": { "size": 10, "bold": false, "style": "Regular" }, "flexProps": {}, "height": 60, "maxLines": 3, "ellipsizeMode": "END" }, "paddingLeft": 15, "paddingRight": 15 }, ".lviDoubleMaterialTextBox": { "height": 86, "flexProps": { "flexDirection": "ROW" }, "&-mtb": { "flexProps": { "flexGrow": 1 }, "height": null, "marginRight": 5 }, "paddingTop": 5, "paddingBottom": 5 }, ".lviDynamicLine": { "height": 60, "paddingLeft": 15, "paddingRight": 15, "paddingBottom": 15, "paddingTop": 15, "&-lblLine": { "maxLines": 0, "flexProps": { "flexGrow": 1 }, "width": null, "height": null, "font": { "bold": false, "style": "Regular", "family": "SFProText", "italic": false, "size": 12 } } }, ".lviElement": { "height": 54, "flexProps": { "alignItems": "CENTER", "flexDirection": "ROW" }, "&-wrapper": { "flexProps": { "flexDirection": "ROW", "flexGrow": 1 }, "backgroundColor": "rgba( 255, 255, 255, 1 )", "height": 54, "&-zebra": { "backgroundColor": "rgba( 242, 242, 242, 0.8 )" }, "paddingLeft": 16, "paddingRight": 16, "marginLeft": 0 }, "&-title": { "flexProps": { "positionType": "RELATIVE", "alignSelf": "AUTO", "flexGrow": 1 }, "font": { "size": 15, "bold": true, "italic": false, "family": "SFProText", "style": "Semibold" }, "height": 20, "marginBottom": null, "marginTop": 13, "textAlignment": "MIDLEFT", "textColor": "rgba( 0, 0, 0, 1 )", "marginLeft": 0, ".value": { "marginLeft": 16, "textAlignment": "MIDRIGHT" } }, "&-line": { "backgroundColor": "rgba( 235, 235, 235, 1 )", "bottom": 0, "flexProps": { "positionType": "ABSOLUTE" }, "height": 1, "left": 0, "marginBottom": null, "marginTop": null, "right": 0 } }, ".lviMaterialTextBox": { "height": 86, "&-mtb": { "height": null, "flexProps": { "flexGrow": 1 } }, "paddingBottom": 5, "paddingTop": 5 }, ".lviTitle": { "paddingLeft": 15, "backgroundColor": "rgba( 0, 161, 241, 1 )", "&-lblTitle": { "textColor": "rgba(255,255,255,1)" }, "&-separator": { "height": 1, "flexProps": { "positionType": "ABSOLUTE" }, "bottom": 0, "right": 0, "left": 0, "backgroundColor": "rgba(255,255,255,1)", "borderColor": "rgba(255,255,255,1)" }, "height": 80 }, ".dialog": { "backgroundColor": "rgba(0,0,0,0.0)", "flexProps": { "alignItems": "CENTER", "justifyContent": "CENTER", "alignContent": "CENTER", "flexDirection": "COLUMN" } }, "#pgArt": { "&-flToggle": { "flexProps": { "flexDirection": "ROW", "justifyContent": "SPACE_BETWEEN" }, "height": 50, "paddingLeft": 16 }, "&-swArtToggle": { "flexProps": { "alignSelf": "CENTER" } }, "&-lblArtType": { "flexProps": { "alignSelf": "STRETCH", "flexGrow": 1 }, "height": null }, "&-wvMain": { "flexProps": { "flexGrow": 1 } } }, "#pgColorAndHtml": { "&-flTouch": { "height": 50, "backgroundColor": "rgba( 202, 191, 191, 1 )" }, "&-flColorArea": { "height": 215 }, "backgroundColor": "rgba( 243, 232, 232, 1 )", "&-flRow": { "flexProps": { "flexDirection": "ROW" }, "height": 30 }, "&-lblRgb": { "width": 30, "height": null }, "&-textBox": { "width": 50, "height": null, "marginRight": 15 }, "&-lblKey": { "width": 80, "height": null, "textColor": "rgba( 165, 98, 98, 1 )" }, "&-lblValue": { "flexProps": { "flexGrow": 1 }, "height": null }, "&-flGuidArea": { "height": 110 }, "&-HtmlArea": { "height": 360 }, "&-txtAreaHtml": { "height": 50, "font": { "style": "Medium" } }, "&-tvHtml": { "height": 100, "font": {}, "ellipsizeMode": "END" }, "&-flRowHtml": { "height": 50 }, "&-lblTitle": { "height": 30, "marginTop": 10, "marginBottom": 10 } }, "#pgFileUpload": { "backgroundColor": "rgba(255,255,255,1)", "&-flFileSelector": { "height": 60, "flexProps": { "flexDirection": "ROW", "justifyContent": "CENTER" }, "paddingLeft": 16, "paddingRight": null }, "&-lblFileSelectorName": { "flexProps": { "flexGrow": 1 }, "ellipsizeMode": "MIDDLE", "height": null }, "&-imgFileSelectorDownArrow": { "image": "arrowbottom.png", "height": 60, "width": 60, "imageFillType": "ASPECTFILL", "flexProps": { "alignSelf": "CENTER" } }, "&-flUploadIndicator": { "height": 80, "flexProps": { "flexDirection": "ROW" }, "paddingLeft": 15, "paddingRight": 15 }, "&-lblUploadIndicator": { "flexProps": { "flexGrow": 1, "alignSelf": "CENTER" } }, "&-btnUpload": { "flexProps": { "alignSelf": "STRETCH" } }, "flexProps": { "flexDirection": "COLUMN" }, "&-flSpacer": { "flexProps": { "flexGrow": 1 } }, "&-aiUploadIndicator": { "visible": false } }, "#pgFlexLayout": { "&-fl": { "flexProps": { "alignContent": "CENTER", "alignItems": "AUTO", "alignSelf": "AUTO", "justifyContent": "CENTER", "flexDirection": "COLUMN", "direction": "LTR", "flexWrap": "NOWRAP" }, "borderWidth": 1, "borderColor": "rgba( 0, 0, 0, 1 )" } }, "#pgGlide": { "&-image": { "imageFillType": "STRETCH" } }, "#pgGridViewFullSpan": { "paddingBottom": 0, "paddingLeft": 0, "paddingRight": 0, "paddingTop": 0 }, "#pgHardware": { "&-lblHardwareStatus": { "maxLines": 0 } }, "#pgHeaderImageAndItems": { "image": "arrowbottom.png", "imageFillType": "ASPECTFILL" }, "#pgHttp": { "flexProps": { "flexDirection": "ROW", "alignItems": "CENTER", "justifyContent": "CENTER" }, "&-All": { "flexProps": { "positionType": "ABSOLUTE" }, "bottom": 30, "left": 15, "right": 15 } }, "#pgImageView": { "&-imgOriginal": { "borderColor": "rgba( 0, 0, 0, 1 )", "borderWidth": 1, "height": 160, "image": "smartface.png", "imageFillType": "MIDCENTER", "left": 0, "testId": "6_UakgonT", "top": 0, "usePageVariable": true } }, "#pgListViewMaterial": { "&-lvMain": { "flexProps": { "flexGrow": 1 } } }, "#pgLocationManagment": { "&-flCoordinateArea": { "flexProps": { "flexDirection": "COLUMN" }, "height": 100, "marginTop": 10, "marginBottom": 10, "&-lbl": { "flexProps": { "flexGrow": 1 } }, "&-leftlbl": { "width": 100 } }, "&-flLatitude": { "flexProps": { "flexGrow": 1, "flexDirection": "ROW" }, "height": 50 }, "&-flLongitude": { "flexProps": { "flexGrow": 1, "flexDirection": "ROW" }, "height": 50 }, "&-mapView": { "flexProps": { "flexGrow": 1 }, "marginBottom": 10 }, "&-btn": { "marginBottom": 10 }, "&-flWrap": { "height": 50, "flexProps": { "flexDirection": "ROW" } } }, "#pgMapView": { "&-flSelector": { "height": 60, "flexProps": { "flexDirection": "ROW" }, "paddingLeft": 15, "borderColor": "rgba( 0, 0, 0, 1 )", "borderWidth": 1 }, "&-lblCurrentSelection": { "height": null, "flexProps": { "flexGrow": 1 } }, "&-imgDropDown": { "image": "arrowbottom.png", "width": 60, "height": 60, "imageFillType": "ASPECTFILL" }, "&-map": { "flexProps": { "flexGrow": 1 } } }, "#pgMaterialTextBox": { "&-characterRestrictionWrapper": { "height": 55, "flexProps": { "flexDirection": "ROW", "justifyContent": "CENTER", "alignContent": "STRETCH", "alignItems": "STRETCH", "flexWrap": "NOWRAP", "direction": "INHERIT" } } }, "#pgOrientation": { "&-textWrapper": { "height": 50, "marginTop": 20, "flexProps": { "flexDirection": "ROW" } }, "&-text": { "flexProps": { "flexGrow": 1 } } }, "#pgPhotoCropper": { "backgroundColor": "rgba( 0, 0, 0, 1 )", "&-headerBar": { "transparent": true, "ios": {}, "visible": true, "android": { "elevation": 0 }, "borderVisibility": false }, "&-gvPhotos": { "flexProps": { "positionType": "ABSOLUTE" }, "height": 40, "bottom": 30, "left": 10, "right": 10, "layoutManager": { "spanCount": 1, "scrollDirection": "HORIZONTAL" } }, "&-flex": { "flexProps": { "flexGrow": 1 }, "marginBottom": 80 } }, "#pgPhotoViewer": { "&-img": { "imageFillType": "ASPECTFIT" }, "backgroundColor": "rgba( 0, 0, 0, 1 )" }, "#pgScreen": { "&-lblScreenDetails": { "maxLines": 0 } }, "#pgScrollView": { "&-btnContentInsets": { "font": { "size": 9 }, "flexProps": { "flexGrow": 1 }, "marginLeft": 4, "marginRight": 4 } }, "#pgServiceCall": { "&-lblNetworkStatus": { "&-offline": { "textColor": "#D0021B" }, "&-online": { "textColor": "#7ED321" } } }, "#pgSliderCalendar": { "&-gviDayOfCalendar": { "flexProps": { "positionType": "RELATIVE", "alignItems": "FLEX_START", "flexDirection": "ROW", "alignContent": "FLEX_START", "justifyContent": "SPACE_EVENLY" }, "flex": { "positionType": 0 } }, "&-flDaysName": { "flexProps": { "flexGrow": 1, "alignItems": "FLEX_START", "flexDirection": "ROW", "justifyContent": "SPACE_EVENLY", "alignContent": "FLEX_START" } }, "&-gvMain": { "flexProps": { "flexGrow": 10 } }, "&-lblFullDate": { "textAlignment": "MIDCENTER" } }, "#pgSystem": { "&-lblSystemDetails": { "maxLines": 0, "font": { "style": "Medium", "size": 15 } } }, "#pgTextBox": { "&-btnKeyTypes": { "marginLeft": 5, "marginRight": 5, "font": { "size": 10 } } }, "#pgToastMessage": { "&-btn": {} }, "#pgTouchConfiguration": { "&-lblPress": { "textAlignment": "MIDCENTER", "flexProps": { "flexGrow": 1 } }, "&-flColorArea": { "height": 110 }, "backgroundColor": "rgba( 243, 232, 232, 1 )", "&-flRow": { "flexProps": { "flexDirection": "ROW" }, "height": 40 }, "&-lblOption": { "width": 160, "height": null }, "&-textBox": { "width": 50, "height": null, "marginRight": 15 }, "&-lblKey": { "width": 80, "height": null, "textColor": "rgba( 165, 98, 98, 1 )" }, "&-lblValue": { "flexProps": { "flexGrow": 1 }, "height": null }, "&-lblTitle": { "height": 30, "marginTop": 10, "marginBottom": 10 }, "&-flex": { "height": 100, "borderWidth": 1, "borderColor": "rgba( 0, 0, 0, 1 )" } }, "#pgYogaTest": { "&-parent": { "backgroundColor": "rgba(49,128,195,1)", "marginBottom": 15, "paddingLeft": 15, "paddingRight": 15, "paddingTop": 15, "paddingBottom": 15, "flexProps": { "justifyContent": "CENTER", "alignItems": "CENTER" } }, "&-child": { "backgroundColor": "rgba(81,81,81,1)" } } }
