{ ".sf-activityIndicator": { "width": 42, "height": 42, "color": "#00a1f1", "flexProps": { "positionType": "RELATIVE", "alignSelf": "CENTER" }, "ios": { "activityIndicatorViewStyle": "LARGE" }, "minHeight": 21, "minWidth": 21, "&-small": { "width": 100 }, "&-medium": { "width": 250 }, "&-large": { "width": 350 } }, ".activityIndicator": { "width": 42, "height": 42, "color": "#00a1f1", "flexProps": { "positionType": "RELATIVE", "alignSelf": "CENTER" }, "ios": { "activityIndicatorViewStyle": "LARGE" }, "minHeight": 21, "minWidth": 21, "&-small": { "width": 100 }, "&-medium": { "width": 250 }, "&-large": { "width": 350 } }, ".sf-button": { "masksToBounds": true, "width": null, "height": 50, "borderRadius": 8, "textColor": "#FFFFFF", "textAlignment": "MIDCENTER", "marginBottom": 5, "marginTop": 5, "backgroundColor": { "normal": "#00a1f1", "pressed": "rgba( 0, 129, 194, 1 )", "disabled": "rgb(210, 210, 210)" }, "font": { "size": 16, "bold": true, "italic": false, "family": "SFProText", "style": "Semibold" }, "flexProps": { "positionType": "RELATIVE", "alignSelf": "AUTO" }, "&-small": { "width": 100 }, "&-medium": { "width": 250 }, "&-large": { "width": 350 }, "&-warning": { "backgroundColor": "#9F6000" }, "&-error": { "backgroundColor": "#D8000C" }, "&-success": { "backgroundColor": "#4F8A10" }, "&-line": { "backgroundColor": "rgba(255,255,255,0)", "borderColor": "#00a1f1", "borderWidth": 1, "textColor": "#00a1f1" } }, ".button": { "masksToBounds": true, "width": null, "height": 50, "borderRadius": 8, "textColor": "#FFFFFF", "textAlignment": "MIDCENTER", "backgroundColor": { "normal": "#00a1f1", "pressed": "rgba( 0, 129, 194, 1 )", "disabled": "rgb(210, 210, 210)" }, "font": { "size": 16, "bold": true, "italic": false, "family": "SFProText", "style": "Semibold" }, "flexProps": { "positionType": "RELATIVE", "alignSelf": "AUTO" }, "&-small": { "width": 100 }, "&-medium": { "width": 250 }, "&-large": { "width": 350 }, "&-warning": { "backgroundColor": "#9F6000" }, "&-error": { "backgroundColor": "#D8000C" }, "&-success": { "backgroundColor": "#4F8A10" }, "&-line": { "backgroundColor": "rgba(255,255,255,0)", "borderColor": "#00a1f1", "borderWidth": 1, "textColor": "#00a1f1" } }, ".default_button": { "borderWidth": 0, "borderColor": "rgba(0,0,0,1)", "touchEnabled": true, "masksToBounds": true, "textAlignment": "MIDCENTER" }, ".sf-gifImageView": { "masksToBounds": true, "height": 343, "width": null, "imageFillType": "STRETCH", "flexProps": { "alignSelf": "AUTO", "positionType": "RELATIVE" }, "&-small": { "width": 100 }, "&-medium": { "width": 250 }, "&-large": { "width": 350 } }, ".gifImageView": { "masksToBounds": true, "height": 343, "width": null, "imageFillType": "STRETCH", "flexProps": { "alignSelf": "AUTO", "positionType": "RELATIVE" }, "&-small": { "width": 100 }, "&-medium": { "width": 250 }, "&-large": { "width": 350 } }, ".sf-gridView": { "masksToBounds": true, "height": 343, "width": null, "backgroundColor": "rgba(255,255,255,0)", "flexProps": { "alignSelf": "AUTO", "positionType": "RELATIVE" }, "&-small": { "width": 100 }, "&-medium": { "width": 250 }, "&-large": { "width": 350 } }, ".gridView": { "masksToBounds": true, "height": 343, "width": null, "flexProps": { "alignSelf": "AUTO", "positionType": "RELATIVE" }, "&-small": { "width": 100 }, "&-medium": { "width": 250 }, "&-large": { "width": 350 } }, ".sf-flexLayout": { "masksToBounds": true, "height": 343, "width": null, "flexProps": { "alignSelf": "AUTO", "direction": "INHERIT", "alignContent": "STRETCH", "alignItems": "STRETCH", "justifyContent": "FLEX_START", "flexWrap": "NOWRAP", "flexDirection": "COLUMN", "positionType": "RELATIVE" }, "&-small": { "width": 100 }, "&-medium": { "width": 250 }, "&-large": { "width": 350 } }, ".flexLayout": { "masksToBounds": true, "height": 343, "width": null, "flexProps": { "alignSelf": "AUTO", "direction": "INHERIT", "alignContent": "STRETCH", "alignItems": "STRETCH", "justifyContent": "FLEX_START", "flexWrap": "NOWRAP", "flexDirection": "COLUMN", "masksToBounds": true, "positionType": "RELATIVE" }, "&-small": { "width": 100 }, "&-medium": { "width": 250 }, "&-large": { "width": 350 } }, ".sf-gridViewItem": { "masksToBounds": true, "height": 227, "width": 165, "flexProps": { "alignSelf": "AUTO", "positionType": "RELATIVE", "alignContent": "STRETCH", "alignItems": "STRETCH" }, "&-small": { "width": 100 }, "&-medium": { "width": 250 }, "&-large": { "width": 350 } }, ".gridViewItem": { "masksToBounds": true, "height": 227, "width": 165, "flexProps": { "alignSelf": "AUTO", "positionType": "RELATIVE", "alignContent": "STRETCH", "alignItems": "STRETCH" }, "&-small": { "width": 100 }, "&-medium": { "width": 250 }, "&-large": { "width": 350 } }, ".sf-headerBar": { "masksToBounds": true, "visible": true, "backgroundColor": "rgba( 0, 161, 241, 1 )", "titleColor": "rgba( 255, 255, 255, 1 )", "itemColor": "rgba( 255, 255, 255, 1 )" }, ".headerBar": { "masksToBounds": true, "visible": true, "backgroundColor": "rgba( 0, 161, 241, 1 )", "titleColor": "rgba( 255, 255, 255, 1 )", "itemColor": "rgba( 255, 255, 255, 1 )" }, ".sf-imageView": { "masksToBounds": true, "height": 343, "width": null, "imageFillType": "NORMAL", "flexProps": { "alignSelf": "AUTO", "positionType": "RELATIVE" }, "&-small": { "width": 100 }, "&-medium": { "width": 250 }, "&-large": { "width": 350 } }, ".imageView": { "masksToBounds": true, "height": 343, "width": null, "imageFillType": "NORMAL", "flexProps": { "alignSelf": "AUTO", "positionType": "RELATIVE" }, "&-small": { "width": 100 }, "&-medium": { "width": 250 }, "&-large": { "width": 350 } }, ".sf-label": { "masksToBounds": true, "height": 50, "width": null, "maxLines": 1, "ellipsizeMode": "END", "textColor": "#00a1f1", "textAlignment": "MIDLEFT", "font": { "size": 17, "bold": true, "italic": false, "family": "SFProText", "style": "Semibold" }, "flexProps": { "alignSelf": "AUTO", "positionType": "RELATIVE" }, "&-small": { "width": 100, "height": 46, "font": { "size": 12 } }, "&-medium": { "width": 190, "height": 70, "font": { "size": 24, "style": "Medium" } }, "&-large": { "width": 255, "height": 90, "font": { "size": 32, "style": "Medium" } } }, ".label": { "masksToBounds": true, "width": null, "height": 50, "maxLines": 0, "ellipsizeMode": "NONE", "textColor": "#00a1f1", "textAlignment": "MIDLEFT", "font": { "size": 16, "bold": true, "italic": false, "family": "SFProText", "style": "Semibold" }, "flexProps": { "alignSelf": "AUTO", "positionType": "RELATIVE" }, "&-small": { "width": 100, "height": 16, "font": { "size": 12 } }, "&-medium": { "width": 190, "height": 30, "font": { "size": 24, "style": "Medium" } }, "&-large": { "width": 255, "height": 50, "font": { "size": 32, "style": "Medium" } } }, ".default_label": { "masksToBounds": true }, ".sf-listView": { "masksToBounds": true, "height": 216, "width": null, "flexProps": { "alignSelf": "AUTO", "positionType": "RELATIVE" }, "&-small": { "width": 100 }, "&-medium": { "width": 250 }, "&-large": { "width": 350 } }, ".listView": { "masksToBounds": true, "height": 216, "width": null, "flexProps": { "alignSelf": "AUTO", "positionType": "RELATIVE" }, "&-small": { "width": 100 }, "&-medium": { "width": 250 }, "&-large": { "width": 350 } }, ".sf-listViewItem": { "masksToBounds": true, "height": 54, "width": 375, "flexProps": { "alignSelf": "STRETCH", "positionType": "RELATIVE", "alignContent": "STRETCH", "alignItems": "STRETCH" }, "&-small": { "width": 100 }, "&-medium": { "width": 250 }, "&-large": { "width": 350 } }, ".listViewItem": { "masksToBounds": true, "height": 54, "width": 375, "flexProps": { "alignSelf": "STRETCH", "positionType": "RELATIVE", "alignContent": "STRETCH", "alignItems": "STRETCH" }, "&-small": { "width": 100 }, "&-medium": { "width": 250 }, "&-large": { "width": 350 } }, ".sf-mapView": { "masksToBounds": true, "height": 343, "width": null, "flexProps": { "alignSelf": "AUTO", "positionType": "RELATIVE" }, "&-small": { "width": 100 }, "&-medium": { "width": 250 }, "&-large": { "width": 350 } }, ".mapView": { "masksToBounds": true, "height": 343, "width": null, "flexProps": { "alignSelf": "AUTO", "positionType": "RELATIVE" }, "&-small": { "width": 100 }, "&-medium": { "width": 250 }, "&-large": { "width": 350 } }, ".sf-materialTextBox": { "ellipsizeMode": "END", "textAlignment": "MIDLEFT", "textColor": "rgba( 0,0,0,1 )", "errorColor": "rgba( 255,0,0,1 )", "hintTextColor": "rgba( 0,0,0,1 )", "cursorColor": "rgba( 0,161,241,1 )", "selectedHintTextColor": "rgba( 0,0,0,1 )", "height": 80, "width": null, "flexProps": { "positionType": "RELATIVE" }, "lineColor": { "normal": "rgba( 0,0,0,1 )", "selected": "rgba( 0,0,0,1 )" }, "font": { "size": 14, "family": "Default" }, "labelsFont": { "size": 14, "family": "Default" } }, ".sf-page": { "masksToBounds": true, "flexProps": { "alignContent": "STRETCH", "alignItems": "STRETCH", "direction": "INHERIT", "flexDirection": "COLUMN", "flexWrap": "NOWRAP", "justifyContent": "FLEX_START" }, "paddingTop": 16, "paddingLeft": 16, "paddingBottom": 16, "paddingRight": 16, "backgroundColor": "#FFFFFF", "orientation": "PORTRAIT" }, ".page": { "masksToBounds": true, "flexProps": { "alignContent": "STRETCH", "alignItems": "STRETCH", "direction": "INHERIT", "flexDirection": "COLUMN", "flexWrap": "NOWRAP", "justifyContent": "FLEX_START" }, "backgroundColor": "#FFFFFF", "orientation": "PORTRAIT" }, ".default_page": { "masksToBounds": true, "orientation": "PORTRAIT" }, ".sf-scrollView": { "masksToBounds": true, "height": 343, "width": null, "scrollBarEnabled": true, "align": "VERTICAL", "flexProps": { "alignSelf": "AUTO", "positionType": "RELATIVE" }, "layout": { "flexProps": { "alignContent": "STRETCH", "alignItems": "STRETCH", "flexDirection": "COLUMN" } }, "&-small": { "width": 100 }, "&-medium": { "width": 250 }, "&-large": { "width": 350 } }, ".scrollView": { "masksToBounds": true, "height": 343, "width": null, "scrollBarEnabled": true, "align": "VERTICAL", "flexProps": { "alignSelf": "AUTO", "positionType": "RELATIVE" }, "layout": { "flexProps": { "alignContent": "STRETCH", "alignItems": "STRETCH", "flexDirection": "COLUMN" } }, "&-small": { "width": 100 }, "&-medium": { "width": 250 }, "&-large": { "width": 350 } }, ".default_scrollView": { "masksToBounds": true, "scrollBarEnabled": true, "align": "VERTICAL" }, ".sf-searchView": { "masksToBounds": true, "touchEnabled": true, "width": null, "height": 70, "textColor": "#000000", "borderWidth": 0, "backgroundColor": "rgb(246,246,246)", "textFieldBackgroundColor": "rgba(142,142,147,0.12)", "cursorColor": "rgba(66,107,242,1)", "hintColor": "rgb(142,142,147)", "textAlignment": "MIDLEFT", "font": { "size": 17, "bold": true, "italic": false, "family": "SFProText", "style": "Regular" }, "flexProps": { "alignSelf": "AUTO", "positionType": "RELATIVE" }, "input": { "height": 28 }, "minHeight": 30, "&-small": { "width": 100 }, "&-medium": { "width": 250 }, "&-large": { "width": 350 } }, ".searchView": { "masksToBounds": true, "touchEnabled": true, "width": null, "height": 70, "textColor": "#000000", "textFieldBackgroundColor": "rgba(142,142,147,0.12)", "cursorColor": "rgba(66,107,242,1)", "hintColor": "rgb(142,142,147)", "textAlignment": "MIDLEFT", "font": { "size": 17, "bold": true, "italic": false, "family": "SFProText", "style": "Regular" }, "flexProps": { "alignSelf": "AUTO", "positionType": "RELATIVE" }, "input": { "height": 28 }, "minHeight": 30, "&-small": { "width": 100 }, "&-medium": { "width": 250 }, "&-large": { "width": 350 } }, ".default_searchView": { "masksToBounds": true, "touchEnabled": true, "borderColor": "rgba(0,0,0,1)", "+Device:Device.os === \"Android\"": { "borderWidth": 0 }, "textAlignment": "MIDLEFT" }, ".sf-shimmerFlexLayout": { "masksToBounds": true, "height": 343, "width": null, "flexProps": { "alignSelf": "AUTO", "positionType": "RELATIVE" }, "layout": { "flexProps": { "alignContent": "STRETCH", "alignItems": "STRETCH", "flexDirection": "COLUMN" } }, "ios": { "animationAlpha": 0.5, "beginFadeDuration": 100, "endFadeDuration": 300, "speed": 230 }, "android": { "highlightAlpha": 0.5, "highlightLength": 1 }, "&-small": { "width": 100 }, "&-medium": { "width": 250 }, "&-large": { "width": 350 } }, ".shimmerFlexLayout": { "masksToBounds": true, "height": 343, "width": null, "flexProps": { "alignSelf": "AUTO", "positionType": "RELATIVE" }, "layout": { "flexProps": { "alignContent": "STRETCH", "alignItems": "STRETCH", "flexDirection": "COLUMN" } }, "ios": { "animationAlpha": 0.5, "beginFadeDuration": 100, "endFadeDuration": 300, "speed": 230 }, "android": { "highlightAlpha": 0.5, "highlightLength": 1 }, "&-small": { "width": 100 }, "&-medium": { "width": 250 }, "&-large": { "width": 350 } }, ".sf-slider": { "maxTrackColor": "rgb(183,183,183)", "minTrackColor": "#00a1f1", "value": 60, "maxValue": 100, "minValue": 0, "width": null, "flexProps": { "alignSelf": "AUTO", "positionType": "RELATIVE" }, "height": 40, "&-small": { "width": 100 }, "&-medium": { "width": 250 }, "&-large": { "width": 350 } }, ".slider": { "masksToBounds": true, "maxTrackColor": "rgb(183,183,183)", "minTrackColor": "#00a1f1", "value": 60, "maxValue": 100, "minValue": 0, "width": null, "flexProps": { "alignSelf": "AUTO", "positionType": "RELATIVE" }, "height": 40, "&-small": { "width": 100 }, "&-medium": { "width": 250 }, "&-large": { "width": 350 } }, ".sf-statusBar": { "masksToBounds": true, "android": { "color": "#00A1F1" }, "style": "LIGHTCONTENT", "visible": true }, ".statusBar": { "masksToBounds": true, "android": { "color": "#00A1F1" }, "style": "LIGHTCONTENT", "visible": true }, ".sf-switch": { "width": 60, "android": { "toggleOffColor": "#EEEEEE" }, "toggleOnColor": "#00a1f1", "flexProps": { "alignSelf": "AUTO", "positionType": "RELATIVE" }, "minHeight": 31, "minWidth": 60, "&-small": { "width": 100 }, "&-medium": { "width": 250 }, "&-large": { "width": 350 } }, ".switch": { "masksToBounds": true, "width": 60, "android": { "toggleOffColor": "#EEEEEE" }, "toggleOnColor": "#00a1f1", "flexProps": { "alignSelf": "AUTO", "positionType": "RELATIVE" }, "minHeight": 31, "minWidth": 60, "&-small": { "width": 100 }, "&-medium": { "width": 250 }, "&-large": { "width": 350 } }, ".sf-textArea": { "masksToBounds": true, "height": 120, "width": null, "borderColor": "#00a1f1", "borderWidth": 1, "borderRadius": 4, "textColor": "#000000", "textAlignment": "MIDLEFT", "font": { "size": 16, "bold": false, "italic": false, "family": "SFProText", "style": "Regular" }, "flexProps": { "alignSelf": "AUTO", "positionType": "RELATIVE" }, "&-small": { "width": 100 }, "&-medium": { "width": 250 }, "&-large": { "width": 350 } }, ".textArea": { "masksToBounds": true, "height": 120, "width": null, "borderColor": "#00a1f1", "textColor": "#000000", "textAlignment": "MIDLEFT", "font": { "size": 16, "bold": false, "italic": false, "family": "SFProText", "style": "Regular" }, "flexProps": { "alignSelf": "AUTO", "positionType": "RELATIVE" }, "&-small": { "width": 100 }, "&-medium": { "width": 250 }, "&-large": { "width": 350 } }, ".deafult_textArea": { "masksToBounds": true }, ".sf-textBox": { "masksToBounds": true, "height": 54, "width": null, "borderColor": "#00a1f1", "borderWidth": 1, "borderRadius": 4, "textColor": "#000000", "textAlignment": "MIDLEFT", "font": { "size": 16, "bold": false, "italic": false, "family": "SFProText", "style": "Regular" }, "flexProps": { "alignSelf": "AUTO", "positionType": "RELATIVE" }, "&-small": { "width": 100 }, "&-medium": { "width": 250 }, "&-large": { "width": 350 } }, ".textBox": { "masksToBounds": true, "height": 54, "width": null, "borderColor": "#00a1f1", "textColor": "#000000", "textAlignment": "MIDLEFT", "font": { "size": 16, "bold": false, "italic": false, "family": "SFProText", "style": "Regular" }, "flexProps": { "alignSelf": "AUTO", "positionType": "RELATIVE" }, "&-small": { "width": 100 }, "&-medium": { "width": 250 }, "&-large": { "width": 350 } }, ".default_textBox": { "masksToBounds": true }, ".sf-textView": { "masksToBounds": true, "width": null, "height": 131, "maxLines": 1, "ellipsizeMode": "END", "textAlignment": "MIDLEFT", "flexProps": { "alignSelf": "AUTO", "positionType": "RELATIVE" }, "&-small": { "width": 100 }, "&-medium": { "width": 250 }, "&-large": { "width": 350 } }, ".textView": { "masksToBounds": true, "width": null, "height": 131, "maxLines": 0, "ellipsizeMode": "NONE", "textAlignment": "MIDLEFT", "flexProps": { "alignSelf": "AUTO", "positionType": "RELATIVE" }, "&-small": { "width": 100 }, "&-medium": { "width": 250 }, "&-large": { "width": 350 } }, ".deafult_textView": { "masksToBounds": true }, ".sf-videoView": { "masksToBounds": true, "height": 343, "width": null, "flexProps": { "alignSelf": "AUTO", "positionType": "RELATIVE" }, "&-small": { "width": 100 }, "&-medium": { "width": 250 }, "&-large": { "width": 350 } }, ".videoView": { "masksToBounds": true, "height": 343, "width": null, "flexProps": { "alignSelf": "AUTO", "positionType": "RELATIVE" }, "&-small": { "width": 100 }, "&-medium": { "width": 250 }, "&-large": { "width": 350 } }, ".sf-view": { "masksToBounds": true, "height": 343, "width": null, "backgroundColor": "rgb(210, 210,210)", "flexProps": { "positionType": "RELATIVE" }, "&-small": { "width": 100 }, "&-medium": { "width": 250 }, "&-large": { "width": 350 } }, ".view": { "masksToBounds": true, "height": 343, "width": null, "&-small": { "width": 100 }, "&-medium": { "width": 250 }, "&-large": { "width": 350 } }, ".sf-webView": { "masksToBounds": true, "height": 343, "width": null, "flexProps": { "alignSelf": "AUTO", "positionType": "RELATIVE" }, "&-small": { "width": 100 }, "&-medium": { "width": 250 }, "&-large": { "width": 350 } }, ".webView": { "masksToBounds": true, "height": 343, "width": null, "flexProps": { "alignSelf": "AUTO", "positionType": "RELATIVE" }, "&-small": { "width": 100 }, "&-medium": { "width": 250 }, "&-large": { "width": 350 } }, "__applicationAndroidStyle": { "colorPrimary": "#07A8FF", "colorPrimaryDark": "#066ea6", "colorAccent": "#07A8FF", "v21": { "android:navigationBarColor": "#000000", "android:colorEdgeEffect": "#07A8FF" }, "v27": { "android:navigationBarColor": "#ffffff", "android:windowTranslucentStatus": true, "android:windowLightNavigationBar": true } }, ".default_common": { "alpha": 1, "visible": true, "marginBottom": null, "marginTop": null, "flexProps": { "positionType": "RELATIVE", "alignSelf": "AUTO" } }, ".sf": { "masksToBounds": true, "&-gridViewItem": { "&-simple": { "flexProps": { "justifyContent": "FLEX_START", "alignItems": "STRETCH" }, "height": 227, "width": 165, "&-preview": { "height": 165, "flexProps": { "alignSelf": "CENTER" }, "image": "imageview_preview.png", "imageFillType": "ASPECTFIT", "marginBottom": null, "marginTop": null, "marginLeft": 15, "marginRight": 15, "width": null }, "&-title": { "flexProps": { "positionType": "RELATIVE", "alignSelf": "AUTO" }, "font": { "size": 15, "bold": true, "italic": false, "family": "SFProText", "style": "Semibold" }, "height": 20, "marginBottom": null, "marginTop": 13, "textAlignment": "MIDCENTER", "textColor": "rgba( 0, 0, 0, 1 )" }, "&-subtitle": { "flexProps": { "positionType": "RELATIVE", "alignSelf": "AUTO" }, "font": { "size": 13, "bold": false, "italic": false, "family": "SFProText", "style": "Regular" }, "height": 18, "marginBottom": 12, "marginTop": null, "textAlignment": "MIDCENTER", "textColor": "rgba( 0, 0, 0, 1 )" } } }, "&-listViewItem": { "&-simple": { "flexProps": { "flexDirection": "ROW", "alignItems": "CENTER" }, "&-title": { "flexProps": { "flexGrow": 3, "alignSelf": "AUTO" }, "font": { "size": 16, "bold": false, "italic": false, "family": "SFProText", "style": "Regular" }, "marginBottom": null, "marginLeft": 16, "marginTop": null, "textColor": "rgba( 0, 0, 0, 1 )", "width": null }, "&-chevron": { "marginBottom": null, "marginRight": 16, "marginTop": null, "textAlignment": "MIDRIGHT", "textColor": "rgba( 0, 0, 0, 0.25 )", "width": null, "flexProps": { "flexGrow": 1 }, "font": { "size": 13, "bold": false, "italic": false, "family": "FontAwesome5FreeSolid", "style": null } }, "&-line": { "backgroundColor": "rgba( 210, 210, 210, 1 )", "bottom": 0, "flexProps": { "positionType": "ABSOLUTE" }, "height": 1, "left": 16, "marginBottom": null, "marginTop": null, "right": 0 } } } } }
